Tolerance,Result,Time (s)
0.0001,50.822752375779416,0.0003370829945197329
