Tolerance,Result,Time (s)
0.0001,0.8227523757785377,0.0003243749961256981
